{
  "identifier": "krst.monokai.ristretto",
  "name": "Monokai Ristretto",
  "content_type": "SN|Theme",
  "area": "themes",
  "version": "0.1",
  "description": "Dark Theme inspired by Monokai Pro Ristretto",
  "url": "https://apps.laux.wtf/sn-monokai-ristretto/src/main.css",
  "download_url": "https://apps.laux.wtf/sn-monokai-ristretto/sn-monokai-ristretto.zip",
  "marketing_url": "https://www.laux.wtf",
  "latest_url": "https://apps.laux.wtf/sn-monokai-ristretto/ext.json",
  "thumbnail_url": "https://apps.laux.wtf/sn-monokai-ristretto/sn-monokai-ristretto.png",
  "dock_icon": {
    "type": "circle",
    "background_color": "#191515",
    "foreground_color": "#f9cc6c",
    "border_color": "#fd6883"
  }
}
